SF123X,Lovi Wooden Modular Sofa,Sofas,219
SF122A,Corba Wooden Modular Sofa,Sofas,198,2022-01-07,728C,L
SF231F,Fleccia PU Leather Modular Sofa,Sofas,249
SF302C,Cavali Arm Chair (Smoke),Sofas,345,2022-01-08,785D,M
SF890U,Olena 4-Seater Sofa,Sofas,699,2022-01-04,312J,H
SF883H,Holden 3 Seater Sofa (PVC Black),Sofas,263.5,2022-01-09,807B,M
SF894K,Kohav Half Leather L-Shape Sofa,Sofas,1539,2022-01-08,381H,H
SF954D,Dewdrop Armchair in Grey,Sofas,209,2022-01-09,239A,L
SF893S,Isabel 3 Seater Storage Sofa Bed (Cream),Sofas,729,2022-01-05,739Z,H
CT221L,Liam Coffee Table in Been Oak,Coffee Tables,33.9
CT431D,Davion Coffee Table,Coffee Tables,37
CT213N,Nina Coffee Table,Coffee Tables,55,2022-01-07,728C,N
CT231B,Obsedia Coffee Table,Coffee Tables,65
CT321R,Rainbow Tempered Glass Coffee Table,Coffee Tables,69
CT513C,Chester Coffee Table Oak,Coffee Tables,69.8
CT012D,Diorite Coffee Table,Coffee Tables,74
CT139L,Lema Coffee Table (Oak),Coffee Tables,76.63,2022-01-09,807B,N
CT321K,Krystal Eclipse Tempered Glass Coffee Table,Coffee Tables,79
CT251B,Bristol Coffee Table Light Oak,Coffee Tables,85.9
CT986H,Hendry Glass Coffee Table in Beech Wood,Coffee Tables,87.2
SR879K,Kopa Stackable Shoe Rack,Shoe Rack,26.9
SR567S,Stainless Steel Shoe Rack 4 Tier,Shoe Rack,35,2022-01-03,167A,N
SR564F,Faustus Shoe Rack,Shoe Rack,39.9
SR797C,Cairnett Multi-Purpose Rack,Shoe Rack,58,2022-01-09,807B,N
SR547L,Laverne Shoe Cabinet,Shoe Rack,82
SR863A,Abelino Shoe Rack in Sonoma Oak,Shoe Rack,89,2022-01-09,807B,N
SR577T,Lille Trojan Shoe Rack,Shoe Rack,99
BF980P,Porcelain Bunk Bed White,Bed Frames,399.9
BF967D,Dalttone Fabric Storage Bed,Bed Frames,399,2022-01-07,728C,M
BF704A,Austex Fabric Storage Divan,Bed Frames,279
BF213G,Grove Single Bed,Bed Frames,159.9,2022-01-02,201F,L
BF283I,Ivanna Queen Bed High Headboard & Footboard,Bed Frames,1077
BF312N,Neak 2 in 1 Bedframe with Pull-out Roller Bed,Bed Frames,349
BF932M,Marine Fabric Storage Bedframe,Bed Frames,679,2022-01-09,807B,H
BF903K,Karina Wooden Bed Frame,Bed Frames,699
BF032B,Beyer Foldable Metal Bed,Bed Frames,219
DT321V,Vincente Dining Table-Ash Veneer (Medium),Dining Table,119.9
DT343T,Terron 1.4M Dining Table,Dining Table,604
DT331K,Klover Double Drop Leaf Dining Table,Dining Table,284
DT310M,Madie Rectangular Dining Table,Dining Table,454.93
DT701A,Adeze Dining Table,Dining Table,249,2022-01-09,807B,L
DT803B,Bogota Dining Table,Dining Table,433.49
DT678D,Duncan Round Dining Table Oak,Dining Table,314.9
DT631T,Tabella Dining Table White,Dining Table,99.9,2022-01-04,312J,N
DT831T,Titus Regular Dining Table Cappucino,Dining Table,119.9
DT809N,Nomu Glass Round Table (Clear),Dining Table,99.9
DC130E,Eames Replica Chair (Pink),Dining Chair,19.9
DC031C,Camelia Designer Chair,Dining Chair,26.9
DC792Q,Quinn Dining Chair,Dining Chair,29.9
DC032G,Gendna Chair (Black),Dining Chair,42.9
DC893R,Retro Metal Chair (Red),Dining Chair,44.9,2022-01-09,807B,N
DC809B,Bradley Dining Chair,Dining Chair,46.9,2022-01-09,807B,N
DC930S,Steenie Dining Chair Natural with Bone Brown Cushion,Dining Chair,54.9
DC034S,Shaun Outdoor Dining Chair Brown,Dining Chair,59
DC321K,Kyelli Chair (Red),Dining Chair,59.9
DC318M,Marlene Foldable Chair,Dining Chair,59.9
DC890Z,Zachery Dining Chair,Dining Chair,64.9,2022-01-09,807B,N
DC693T,Tramontina Sofia Chair,Dining Chair,65.9
DC147A,Arlo Chair,Dining Chair,75.9
DC572C,Cosette Chair in Smoke,Dining Chair,94.58,2022-01-04,312J,N
DC728M,Mahala Dining Chair,Dining Chair,99.9
DC421H,Hera Dining Chair Natural with Yellow Cushion,Dining Chair,119.9
TV210C,Chancy TV Console,TV Console,59
TV892N,Naeva TV Cabinet in Sonoma Oak,TV Console,124
TV129R,Rylance Low Console,TV Console,146.9
TV201T,Tridant Low Console,TV Console,184.9
TV231V,Vineyard Side Board,TV Console,203.9,2022-01-09,807B,L
TV902D,Desta TV Console,TV Console,219
TV892E,Ethel 5' TV Console,TV Console,229,2022-01-09,807B,N
TV942M,Merrilyn Short TV Console,TV Console,229.9
TV921A,Aurlon TV Console,TV Console,274
KC312L,Louise Kitchen Cabinet in Light Grey,Kitchen Cabinet,55.9
KC723M,Myrril Display Cabinet,Kitchen Cabinet,109.9
KC219S,Seleke Mini Side Cabinet,Kitchen Cabinet,125.9,2022-01-08,381H,N
KC802F,Fincher Kitchen Cabinet,Kitchen Cabinet,199
KC325T,Tom Kitchen Cabinet,Kitchen Cabinet,207
KC217X,Xandyn Storage Cabinet,Kitchen Cabinet,327,2022-01-09,807B,L
KC801H,Hedy Kitchen Cabinet,Kitchen Cabinet,47.9
KC120C,Claremonde Kitchen Cabinet,Kitchen Cabinet,67.9
SD013R,Oren Meeting Table,Study Desk,627,2022-01-08,381H,H
SD321U,Ulric Meeting Table,Study Desk,737
SD315V,Vaclav Meeting Table,Study Desk,529
SD032A,Abiola Discussion Table,Study Desk,339.9,2022-01-09,807B,M
SD809M,Mignon L-shaped table,Study Desk,445
SD932F,Fuasto Straight table,Study Desk,362,2022-01-08,381H,L
SD791L,Lizette L-shaped table,Study Desk,570
SD802E,Ercole Straight table,Study Desk,181
SD673S,Shane Study Desk,Study Desk,199
